ID_PERSONNEL,ID_MISSION,ID_SITE,ID_DATE_MISSION
KeyPers_Berlin_1231710,BERLIN_202609100,Berlin,2026-09-10 01:17:51
KeyPers_Berlin_1232817,BERLIN_202609101,Berlin,2026-09-10 02:10:42
KeyPers_Berlin_1231161,BERLIN_202609102,Berlin,2026-09-10 10:04:57
KeyPers_Berlin_1230012,BERLIN_202609103,Berlin,2026-09-10 04:37:31
KeyPers_Berlin_1230835,BERLIN_202609104,Berlin,2026-09-10 02:27:22
KeyPers_Berlin_1230101,BERLIN_202609105,Berlin,2026-09-10 06:19:14
KeyPers_Berlin_1231128,BERLIN_202609106,Berlin,2026-09-10 09:39:48
KeyPers_Berlin_1233539,BERLIN_202609107,Berlin,2026-09-10 10:27:44
KeyPers_Berlin_1231267,BERLIN_202609108,Berlin,2026-09-10 18:31:42
KeyPers_Berlin_1232728,BERLIN_202609109,Berlin,2026-09-10 11:15:51
KeyPers_Berlin_1231499,BERLIN_2026091010,Berlin,2026-09-10 02:40:34
KeyPers_Berlin_1230117,BERLIN_2026091011,Berlin,2026-09-10 22:43:01
KeyPers_Berlin_1233304,BERLIN_2026091012,Berlin,2026-09-10 07:34:55
KeyPers_London_1231297,LONDON_202609100,London,2026-09-10 20:41:31
KeyPers_London_1231924,LONDON_202609101,London,2026-09-10 21:16:38
KeyPers_London_1233846,LONDON_202609102,London,2026-09-10 01:47:14
KeyPers_London_1230985,LONDON_202609103,London,2026-09-10 06:14:42
KeyPers_London_1232194,LONDON_202609104,London,2026-09-10 05:21:17
KeyPers_London_1233736,LONDON_202609105,London,2026-09-10 01:30:17
KeyPers_London_1232426,LONDON_202609106,London,2026-09-10 09:28:15
KeyPers_London_1234127,LONDON_202609107,London,2026-09-10 01:03:24
KeyPers_London_1233100,LONDON_202609108,London,2026-09-10 22:35:24
KeyPers_London_1234173,LONDON_202609109,London,2026-09-10 15:56:46
KeyPers_London_1233085,LONDON_2026091010,London,2026-09-10 07:07:56
KeyPers_London_1231517,LONDON_2026091011,London,2026-09-10 18:03:34
KeyPers_London_1234066,LONDON_2026091012,London,2026-09-10 22:33:03
KeyPers_London_1233469,LONDON_2026091013,London,2026-09-10 02:38:26
KeyPers_London_1230716,LONDON_2026091014,London,2026-09-10 15:16:38
KeyPers_London_1231317,LONDON_2026091015,London,2026-09-10 15:23:55
KeyPers_London_1230879,LONDON_2026091016,London,2026-09-10 21:36:39
KeyPers_London_1232065,LONDON_2026091017,London,2026-09-10 22:23:04
KeyPers_London_1232109,LONDON_2026091018,London,2026-09-10 16:56:19
KeyPers_London_1232827,LONDON_2026091019,London,2026-09-10 01:43:40
KeyPers_LA_1232430,LA_202609100,LA,2026-09-10 15:44:07
KeyPers_LA_1232021,LA_202609101,LA,2026-09-10 02:57:18
KeyPers_LA_1232614,LA_202609102,LA,2026-09-10 15:42:21
KeyPers_LA_1232983,LA_202609103,LA,2026-09-10 12:30:08
KeyPers_LA_1232733,LA_202609104,LA,2026-09-10 23:26:13
KeyPers_LA_1231257,LA_202609105,LA,2026-09-10 12:03:55
KeyPers_NewYork_1233078,NewYork_202609100,NewYork,2026-09-10 15:40:33
KeyPers_NewYork_1230469,NewYork_202609101,NewYork,2026-09-10 22:25:47
KeyPers_NewYork_1233001,NewYork_202609102,NewYork,2026-09-10 13:45:15
KeyPers_NewYork_1230559,NewYork_202609103,NewYork,2026-09-10 06:49:42
KeyPers_NewYork_1231802,NewYork_202609104,NewYork,2026-09-10 16:50:39
KeyPers_NewYork_1230352,NewYork_202609105,NewYork,2026-09-10 09:24:53
KeyPers_NewYork_1232920,NewYork_202609106,NewYork,2026-09-10 22:37:37
KeyPers_NewYork_1230067,NewYork_202609107,NewYork,2026-09-10 19:43:04
KeyPers_NewYork_1232630,NewYork_202609108,NewYork,2026-09-10 07:14:25
KeyPers_NewYork_1231332,NewYork_202609109,NewYork,2026-09-10 10:07:38
KeyPers_NewYork_1230401,NewYork_2026091010,NewYork,2026-09-10 05:12:31
KeyPers_NewYork_1231559,NewYork_2026091011,NewYork,2026-09-10 07:33:38
KeyPers_NewYork_1232634,NewYork_2026091012,NewYork,2026-09-10 15:25:05
KeyPers_NewYork_1232624,NewYork_2026091013,NewYork,2026-09-10 14:42:55
KeyPers_NewYork_1230314,NewYork_2026091014,NewYork,2026-09-10 04:13:34
KeyPers_NewYork_1231972,NewYork_2026091015,NewYork,2026-09-10 15:42:18
KeyPers_NewYork_1231444,NewYork_2026091016,NewYork,2026-09-10 09:55:21
KeyPers_NewYork_1232105,NewYork_2026091017,NewYork,2026-09-10 03:20:14
KeyPers_Paris_1230466,Paris_202609100,Paris,2026-09-10 03:41:35
KeyPers_Paris_1230927,Paris_202609101,Paris,2026-09-10 15:46:56
KeyPers_Paris_1231837,Paris_202609102,Paris,2026-09-10 17:25:42
KeyPers_Paris_1230983,Paris_202609103,Paris,2026-09-10 01:26:39
KeyPers_Paris_1232398,Paris_202609104,Paris,2026-09-10 21:27:49
KeyPers_Paris_1232027,Paris_202609105,Paris,2026-09-10 19:56:35
KeyPers_Shanghai_1230296,Shanghai_202609100,Shanghai,2026-09-10 04:28:04
KeyPers_Shanghai_1230370,Shanghai_202609101,Shanghai,2026-09-10 19:40:49
KeyPers_Shanghai_1230366,Shanghai_202609102,Shanghai,2026-09-10 13:54:11
KeyPers_Shanghai_1230535,Shanghai_202609103,Shanghai,2026-09-10 09:27:10
KeyPers_Shanghai_1230607,Shanghai_202609104,Shanghai,2026-09-10 04:27:28
KeyPers_Shanghai_1230499,Shanghai_202609105,Shanghai,2026-09-10 23:36:14
KeyPers_Shanghai_1230631,Shanghai_202609106,Shanghai,2026-09-10 10:39:22
KeyPers_Shanghai_1230914,Shanghai_202609107,Shanghai,2026-09-10 23:19:42
KeyPers_Shanghai_1230721,Shanghai_202609108,Shanghai,2026-09-10 16:15:12
KeyPers_Shanghai_1230460,Shanghai_202609109,Shanghai,2026-09-10 16:35:40
KeyPers_Shanghai_1230258,Shanghai_2026091010,Shanghai,2026-09-10 07:42:06
KeyPers_Shanghai_1230842,Shanghai_2026091011,Shanghai,2026-09-10 05:37:33
KeyPers_Shanghai_1230744,Shanghai_2026091012,Shanghai,2026-09-10 20:36:06
KeyPers_Shanghai_1230576,Shanghai_2026091013,Shanghai,2026-09-10 14:12:16
KeyPers_Shanghai_1230070,Shanghai_2026091014,Shanghai,2026-09-10 02:19:04
